model,precision,recall,F1,accuracy,Model,Recall,Precision,Accuracy
Random Forest Validated,0.7142857142857143,0.45751633986928103,0.5577689243027888,0.852,,,,
Random Forest Validated,0.7142857142857143,0.45751633986928103,0.5577689243027888,0.852,,,,
Random Forest CV,0.7305832037925878,0.4823379406407372,0.5799582189787593,0.858,,,,
,,,0.5606550690451619,,Tuned Decision Tree,0.4692553305475195,0.7016083898068596,0.8503999999999999
